[
{
"__metadata":{
"uri":"http://services.odata.org/V2/OData/OData.svc/Categories(0)",
"type":"ODataDemo.Category"
},
"ID":0,
"Name":"Food",
"Products":{
"__deferred":{
"uri":"http://services.odata.org/V2/OData/OData.svc/Categories(0)/Products"
}
}
},
{
"__metadata":{
"uri":"http://services.odata.org/V2/OData/OData.svc/Categories(1)",
"type":"ODataDemo.Category"
},
"ID":1,
"Name":"Beverages",
"Products":{
"__deferred":{
"uri":"http://services.odata.org/V2/OData/OData.svc/Categories(1)/Products"
}
}
},
{
"__metadata":{
"uri":"http://services.odata.org/V2/OData/OData.svc/Categories(2)",
"type":"ODataDemo.Category"
},
"ID":2,
"Name":"Electronics",
"Products":{
"__deferred":{
"uri":"http://services.odata.org/V2/OData/OData.svc/Categories(2)/Products"
}
}
}
]